areaCode,areaName,areaType,date,cumCasesByPublishDate,cumDeaths28DaysByDeathDate,cumPeopleVaccinatedFirstDoseByPublishDate,newVirusTestsByPublishDate
K02000001,United Kingdom,overview,07/04/2022,21508546,169757,52873079,485879
K02000001,United Kingdom,overview,06/04/2022,21461556,169705,52861739,528405
K02000001,United Kingdom,overview,05/04/2022,21410305,169542,52849370,540100
K02000001,United Kingdom,overview,04/04/2022,21359681,169356,52837997,563343
K02000001,United Kingdom,overview,03/04/2022,21216874,169162,52826860,497415
K02000001,United Kingdom,overview,02/04/2022,21216874,168959,52819360,428278
K02000001,United Kingdom,overview,01/04/2022,21216874,168733,52808470,585806
K02000001,United Kingdom,overview,31/03/2022,21147425,168499,52803478,634843
K02000001,United Kingdom,overview,30/03/2022,21073009,168262,52798443,718916
K02000001,United Kingdom,overview,29/03/2022,20986171,168039,52792930,720239
K02000001,United Kingdom,overview,28/03/2022,20905515,167802,52788065,722535
K02000001,United Kingdom,overview,27/03/2022,20691123,167594,52783242,632929
K02000001,United Kingdom,overview,26/03/2022,20691123,167372,52775615,552604
K02000001,United Kingdom,overview,25/03/2022,20691123,167161,52764899,689444
K02000001,United Kingdom,overview,24/03/2022,20613817,166938,52759213,736666
K02000001,United Kingdom,overview,23/03/2022,20515998,166730,52754119,821356
K02000001,United Kingdom,overview,22/03/2022,20413731,166528,52756382,797289
K02000001,United Kingdom,overview,21/03/2022,20319434,166301,52751751,793566
K02000001,United Kingdom,overview,20/03/2022,20093762,166121,52747246,650171
K02000001,United Kingdom,overview,19/03/2022,20093762,165918,52740240,586163
K02000001,United Kingdom,overview,18/03/2022,20093762,165726,52730003,713323
K02000001,United Kingdom,overview,17/03/2022,20001627,165521,52725660,775884
K02000001,United Kingdom,overview,16/03/2022,19911155,165334,52721459,825137
K02000001,United Kingdom,overview,15/03/2022,19820181,165150,52717450,774243
K02000001,United Kingdom,overview,14/03/2022,19700952,164995,52713188,811934
K02000001,United Kingdom,overview,13/03/2022,19530485,164809,52708425,585290
K02000001,United Kingdom,overview,12/03/2022,19530485,164656,52704574,553597
K02000001,United Kingdom,overview,11/03/2022,19530485,164512,52696527,670955
K02000001,United Kingdom,overview,10/03/2022,19457976,164369,52692089,727243
K02000001,United Kingdom,overview,09/03/2022,19373884,164216,52687324,744463
K02000001,United Kingdom,overview,08/03/2022,19307014,164073,52682128,705717
K02000001,United Kingdom,overview,07/03/2022,19245301,163926,52677564,713449
K02000001,United Kingdom,overview,06/03/2022,19119181,163777,52672968,565744
K02000001,United Kingdom,overview,05/03/2022,19119181,163647,52668909,490218
K02000001,United Kingdom,overview,04/03/2022,19119181,163520,52660741,606980
K02000001,United Kingdom,overview,03/03/2022,19074696,163387,52654053,664480
K02000001,United Kingdom,overview,02/03/2022,19029321,163230,52647706,702451
K02000001,United Kingdom,overview,01/03/2022,18985568,163069,52640258,649222
K02000001,United Kingdom,overview,28/02/2022,18886701,162936,52634448,696060
K02000001,United Kingdom,overview,27/02/2022,18804765,162791,52628660,534807
K02000001,United Kingdom,overview,26/02/2022,18804765,162655,52623819,495022
K02000001,United Kingdom,overview,25/02/2022,18804765,162521,52614348,612503
K02000001,United Kingdom,overview,24/02/2022,18773164,162376,52606239,685308
K02000001,United Kingdom,overview,23/02/2022,18734683,162209,52598276,760377
K02000001,United Kingdom,overview,22/02/2022,18695448,162063,52589291,734238
K02000001,United Kingdom,overview,21/02/2022,18654572,161924,52581000,816387
K02000001,United Kingdom,overview,20/02/2022,18616433,161779,52573589,703991
K02000001,United Kingdom,overview,19/02/2022,18585423,161615,52568119,584374
K02000001,United Kingdom,overview,18/02/2022,18546205,161459,52557346,700343
K02000001,United Kingdom,overview,17/02/2022,18499058,161303,52551460,900352
K02000001,United Kingdom,overview,16/02/2022,18447706,161143,52542206,976068
K02000001,United Kingdom,overview,15/02/2022,18393951,160974,52531292,887061
K02000001,United Kingdom,overview,14/02/2022,18348029,160800,52522201,888781
K02000001,United Kingdom,overview,13/02/2022,18306704,160610,52514094,784455
K02000001,United Kingdom,overview,12/02/2022,18265918,160436,52506600,724233
K02000001,United Kingdom,overview,11/02/2022,18220515,160271,52491419,920402
K02000001,United Kingdom,overview,10/02/2022,18162199,160107,52480344,1041542
K02000001,United Kingdom,overview,09/02/2022,18000119,159926,52468730,1170469
K02000001,United Kingdom,overview,08/02/2022,17932803,159747,52458207,1074033
K02000001,United Kingdom,overview,07/02/2022,17866632,159558,52447403,1127178
K02000001,United Kingdom,overview,06/02/2022,17809459,159378,52437297,1006934
K02000001,United Kingdom,overview,05/02/2022,17752892,159170,52428976,851992
K02000001,United Kingdom,overview,04/02/2022,17689885,158951,52414182,1061456
K02000001,United Kingdom,overview,03/02/2022,17607832,158756,52399031,1224823
K02000001,United Kingdom,overview,02/02/2022,17519708,158527,52385688,1337828
K02000001,United Kingdom,overview,01/02/2022,17428345,158278,52373222,1186209
K02000001,United Kingdom,overview,31/01/2022,17315893,158014,52360487,1217791
K02000001,United Kingdom,overview,30/01/2022,16478467,157756,52345158,1128019
K02000001,United Kingdom,overview,29/01/2022,16409459,157512,52333474,932921
K02000001,United Kingdom,overview,28/01/2022,16333980,157251,52314528,1159743
K02000001,United Kingdom,overview,27/01/2022,16245474,156994,52297579,1285156
K02000001,United Kingdom,overview,26/01/2022,16149319,156693,52281873,1446064
K02000001,United Kingdom,overview,25/01/2022,16047716,156429,52266515,1272805
K02000001,United Kingdom,overview,24/01/2022,15953685,156184,52252579,1335199
K02000001,United Kingdom,overview,23/01/2022,15866316,155904,52236574,1229253
K02000001,United Kingdom,overview,22/01/2022,15787937,155648,52224308,1044760
K02000001,United Kingdom,overview,21/01/2022,15709059,155366,52203930,1219812
K02000001,United Kingdom,overview,20/01/2022,15613283,155059,52186398,1370093
K02000001,United Kingdom,overview,19/01/2022,15506750,154803,52168592,1539546
K02000001,United Kingdom,overview,18/01/2022,15399300,154522,52151643,1307692
K02000001,United Kingdom,overview,17/01/2022,15305410,154235,52133611,1363401
K02000001,United Kingdom,overview,16/01/2022,15221366,153939,52117863,1274369
K02000001,United Kingdom,overview,15/01/2022,15147099,153646,52100163,1081339
K02000001,United Kingdom,overview,14/01/2022,15066395,153351,52072754,1259347
K02000001,United Kingdom,overview,13/01/2022,14967817,153071,52051876,1413468
K02000001,United Kingdom,overview,12/01/2022,14862138,152787,52031355,1578651
K02000001,United Kingdom,overview,11/01/2022,14732594,152527,52011835,1412109
K02000001,United Kingdom,overview,10/01/2022,14617314,152258,51992559,1617386
K02000001,United Kingdom,overview,09/01/2022,14475192,151980,51974605,1657739
K02000001,United Kingdom,overview,08/01/2022,14333794,151708,51952400,1325989
K02000001,United Kingdom,overview,07/01/2022,14193228,151466,51920711,1604626
K02000001,United Kingdom,overview,06/01/2022,14015065,151216,51897289,1820674
K02000001,United Kingdom,overview,05/01/2022,13835334,150959,51874548,2031729
K02000001,United Kingdom,overview,04/01/2022,13641520,150746,51845518,2050101
K02000001,United Kingdom,overview,03/01/2022,13422815,150526,51820652,1703612
K02000001,United Kingdom,overview,02/01/2022,13266431,150347,51801494,1372758
K02000001,United Kingdom,overview,01/01/2022,13117469,150170,51789045,1029656
K02000001,United Kingdom,overview,31/12/2021,12937886,149989,51786768,1668014
K02000001,United Kingdom,overview,30/12/2021,12748050,149820,51771384,1507040
K02000001,United Kingdom,overview,29/12/2021,12559926,149630,51738013,1498207
K02000001,United Kingdom,overview,28/12/2021,12377822,149505,51705406,1476216
K02000001,United Kingdom,overview,27/12/2021,12239797,149337,51681547,1279834
K02000001,United Kingdom,overview,26/12/2021,12132098,149195,51663356,1277701
K02000001,United Kingdom,overview,25/12/2021,12013153,149079,51661421,1197192
K02000001,United Kingdom,overview,24/12/2021,11891292,148972,51660466,1614490
K02000001,United Kingdom,overview,23/12/2021,11769921,148845,51649696,1623996
K02000001,United Kingdom,overview,22/12/2021,11647473,148714,51617091,1648679
K02000001,United Kingdom,overview,21/12/2021,11542143,148588,51577782,1490061
K02000001,United Kingdom,overview,20/12/2021,11453121,148488,51537827,1491030
K02000001,United Kingdom,overview,19/12/2021,11361387,148364,51498034,1468502
K02000001,United Kingdom,overview,18/12/2021,11279428,148262,51464883,1406561
K02000001,United Kingdom,overview,17/12/2021,11190354,148154,51426554,1578141
K02000001,United Kingdom,overview,16/12/2021,11097851,148026,51393664,1598910
K02000001,United Kingdom,overview,15/12/2021,11010286,147921,51360987,1635922
K02000001,United Kingdom,overview,14/12/2021,10932545,147808,51332920,1319891
K02000001,United Kingdom,overview,13/12/2021,10873468,147680,51298838,1307252
K02000001,United Kingdom,overview,12/12/2021,10819515,147576,51279167,1259313
K02000001,United Kingdom,overview,11/12/2021,10771444,147455,51255850,1012792
K02000001,United Kingdom,overview,10/12/2021,10719165,147359,51229559,1196510
K02000001,United Kingdom,overview,09/12/2021,10660981,147250,51207496,1326438
K02000001,United Kingdom,overview,08/12/2021,10610958,147125,51183457,1278786
K02000001,United Kingdom,overview,07/12/2021,10560341,147012,51161757,1051987
K02000001,United Kingdom,overview,06/12/2021,10515239,146891,51138245,1122003
K02000001,United Kingdom,overview,05/12/2021,10464389,146753,51118266,1137998
K02000001,United Kingdom,overview,04/12/2021,10421104,146642,51096311,871383
K02000001,United Kingdom,overview,03/12/2021,10379647,146495,51069397,1053270
K02000001,United Kingdom,overview,02/12/2021,10329074,146365,51046133,1128774
K02000001,United Kingdom,overview,01/12/2021,10276007,146258,51020285,1185577
K02000001,United Kingdom,overview,30/11/2021,10228772,146134,50994257,1001214
K02000001,United Kingdom,overview,29/11/2021,10189059,146038,50963718,1014359
K02000001,United Kingdom,overview,28/11/2021,10146915,145914,50941327,1019456
K02000001,United Kingdom,overview,27/11/2021,10110408,145796,50919834,727062
K02000001,United Kingdom,overview,26/11/2021,10070841,145689,50896026,885688
K02000001,United Kingdom,overview,25/11/2021,10021497,145557,50875712,1048739
K02000001,United Kingdom,overview,24/11/2021,9974843,145420,50852133,1083684
K02000001,United Kingdom,overview,23/11/2021,9932408,145304,50827554,910710
K02000001,United Kingdom,overview,22/11/2021,9889926,145161,50800732,979922
K02000001,United Kingdom,overview,21/11/2021,9845492,145042,50777474,1013013
K02000001,United Kingdom,overview,20/11/2021,9806034,144936,50761050,717721
K02000001,United Kingdom,overview,19/11/2021,9766153,144806,50735037,865460
K02000001,United Kingdom,overview,18/11/2021,9721916,144682,50707953,993405
K02000001,United Kingdom,overview,17/11/2021,9675058,144546,50679073,1043488
K02000001,United Kingdom,overview,16/11/2021,9637190,144420,50645981,807598
K02000001,United Kingdom,overview,15/11/2021,9600369,144267,50614550,916832
K02000001,United Kingdom,overview,14/11/2021,9561099,144093,50582504,918544
K02000001,United Kingdom,overview,13/11/2021,9524971,143967,50559566,667791
K02000001,United Kingdom,overview,12/11/2021,9487302,143831,50526039,830535
K02000001,United Kingdom,overview,11/11/2021,9448402,143682,50491701,980626
K02000001,United Kingdom,overview,10/11/2021,9406001,143539,50455318,1024023
K02000001,United Kingdom,overview,09/11/2021,9366676,143391,50336130,851560
K02000001,United Kingdom,overview,08/11/2021,9333891,143242,50296294,920068
K02000001,United Kingdom,overview,07/11/2021,9301909,143087,50262735,869016
K02000001,United Kingdom,overview,06/11/2021,9272066,142919,50236895,649990
K02000001,United Kingdom,overview,05/11/2021,9241916,142750,50200147,831151
K02000001,United Kingdom,overview,04/11/2021,9208219,142592,50156656,914955
K02000001,United Kingdom,overview,03/11/2021,9171660,142436,50112925,1020990
K02000001,United Kingdom,overview,02/11/2021,9130857,142271,50071683,868999
K02000001,United Kingdom,overview,01/11/2021,9097311,142113,50025020,905663
K02000001,United Kingdom,overview,31/10/2021,9057629,141936,49987325,950858
K02000001,United Kingdom,overview,30/10/2021,9019962,141748,49959923,678413
K02000001,United Kingdom,overview,29/10/2021,8979236,141579,49923871,847823
K02000001,United Kingdom,overview,28/10/2021,8936155,141408,49882904,875931
K02000001,United Kingdom,overview,27/10/2021,8897149,141216,49838202,916286
K02000001,United Kingdom,overview,26/10/2021,8853227,141054,49794120,802547
K02000001,United Kingdom,overview,25/10/2021,8809774,140890,49753037,820481
K02000001,United Kingdom,overview,24/10/2021,8773674,140756,49715228,785553
K02000001,United Kingdom,overview,23/10/2021,8734934,140604,49689481,706080
K02000001,United Kingdom,overview,22/10/2021,8689949,140439,49649389,912061
K02000001,United Kingdom,overview,21/10/2021,8641221,140303,49603139,1011431
K02000001,United Kingdom,overview,20/10/2021,8589737,140146,49554407,1103117
K02000001,United Kingdom,overview,19/10/2021,8541192,139992,49505327,877223
K02000001,United Kingdom,overview,18/10/2021,8497868,139864,49462425,911550
K02000001,United Kingdom,overview,17/10/2021,8449165,139737,49422753,980528
K02000001,United Kingdom,overview,16/10/2021,8404469,139608,49404916,729043
K02000001,United Kingdom,overview,15/10/2021,8361651,139475,49375917,909449
K02000001,United Kingdom,overview,14/10/2021,8317439,139336,49335154,980883
K02000001,United Kingdom,overview,13/10/2021,8272883,139187,49291665,1045158
K02000001,United Kingdom,overview,12/10/2021,8231437,139066,49252939,873498
K02000001,United Kingdom,overview,11/10/2021,8193769,138951,49216092,936288
K02000001,United Kingdom,overview,10/10/2021,8154306,138826,49186920,968269
K02000001,United Kingdom,overview,09/10/2021,8120713,138730,49164814,709073
K02000001,United Kingdom,overview,08/10/2021,8087005,138613,49133419,917769
K02000001,United Kingdom,overview,07/10/2021,8046390,138493,49101734,962225
K02000001,United Kingdom,overview,06/10/2021,8006660,138370,49068705,1072740
K02000001,United Kingdom,overview,05/10/2021,7967985,138267,49035877,856416
K02000001,United Kingdom,overview,04/10/2021,7934936,138147,48994530,940981
K02000001,United Kingdom,overview,03/10/2021,7900680,138044,48956859,1022070
K02000001,United Kingdom,overview,02/10/2021,7871014,137947,48932736,735038
K02000001,United Kingdom,overview,01/10/2021,7841625,137837,48901670,879317
K02000001,United Kingdom,overview,30/09/2021,7807036,137708,48863490,1040967
K02000001,United Kingdom,overview,29/09/2021,7771294,137595,48829118,1115605
K02000001,United Kingdom,overview,28/09/2021,7736235,137470,48797579,861209
K02000001,United Kingdom,overview,27/09/2021,7701715,137362,48765726,1010007
K02000001,United Kingdom,overview,26/09/2021,7664230,137246,48740807,1126440
K02000001,United Kingdom,overview,25/09/2021,7632353,137149,48724823,786367
K02000001,United Kingdom,overview,24/09/2021,7601487,137024,48700527,905141
K02000001,United Kingdom,overview,23/09/2021,7565867,136899,48672910,1063394
K02000001,United Kingdom,overview,22/09/2021,7530103,136760,48647827,969173
K02000001,United Kingdom,overview,21/09/2021,7496543,136609,48625148,895328
K02000001,United Kingdom,overview,20/09/2021,7465448,136488,48604764,984065
K02000001,United Kingdom,overview,19/09/2021,7429746,136350,48584614,1123798
K02000001,United Kingdom,overview,18/09/2021,7400739,136225,48570774,713308
K02000001,United Kingdom,overview,17/09/2021,7371301,136101,48544576,928670
K02000001,United Kingdom,overview,16/09/2021,7339009,135925,48523798,1059522
K02000001,United Kingdom,overview,15/09/2021,7312683,135774,48500747,1084585
K02000001,United Kingdom,overview,14/09/2021,7282810,135629,48476345,882827
K02000001,United Kingdom,overview,13/09/2021,7256559,135475,48458700,1043118
K02000001,United Kingdom,overview,12/09/2021,7226276,135365,48439272,1079196
K02000001,United Kingdom,overview,11/09/2021,7197662,135222,48424317,746405
K02000001,United Kingdom,overview,10/09/2021,7168806,135084,48396404,1066296
K02000001,United Kingdom,overview,09/09/2021,7132072,134938,48370340,1241334
K02000001,United Kingdom,overview,08/09/2021,7094592,134771,48344566,1254874
K02000001,United Kingdom,overview,07/09/2021,7056106,134630,48319435,1169945
K02000001,United Kingdom,overview,06/09/2021,7018927,134475,48292811,1346631
K02000001,United Kingdom,overview,05/09/2021,6978126,134337,48270113,1038794
K02000001,United Kingdom,overview,04/09/2021,6941611,134180,48248318,757917
K02000001,United Kingdom,overview,03/09/2021,6904969,134045,48207264,1190266
K02000001,United Kingdom,overview,02/09/2021,6862904,133897,48171998,1155929
K02000001,United Kingdom,overview,01/09/2021,6825074,133768,48131996,1027203
K02000001,United Kingdom,overview,31/08/2021,6789581,133650,48087908,921219
K02000001,United Kingdom,overview,30/08/2021,6757650,133533,48048009,672479
K02000001,United Kingdom,overview,29/08/2021,6731423,133426,48028366,707374
K02000001,United Kingdom,overview,28/08/2021,6698486,133297,48003976,720342
K02000001,United Kingdom,overview,27/08/2021,6666399,133171,47960705,889605
K02000001,United Kingdom,overview,26/08/2021,6628709,133043,47915768,948488
K02000001,United Kingdom,overview,25/08/2021,6590747,132927,47860628,923845
K02000001,United Kingdom,overview,24/08/2021,6555200,132824,47792552,748739
K02000001,United Kingdom,overview,23/08/2021,6524581,132710,47737142,741817
K02000001,United Kingdom,overview,22/08/2021,6492906,132594,47690741,679665
K02000001,United Kingdom,overview,21/08/2021,6460930,132475,47650396,647034
K02000001,United Kingdom,overview,20/08/2021,6429147,132369,47577390,763706
K02000001,United Kingdom,overview,19/08/2021,6392160,132251,47516505,822777
K02000001,United Kingdom,overview,18/08/2021,6355887,132142,47460526,808235
K02000001,United Kingdom,overview,17/08/2021,6322241,132040,47413242,728313
K02000001,United Kingdom,overview,16/08/2021,6295613,131930,47369418,699466
K02000001,United Kingdom,overview,15/08/2021,6267437,131847,47333702,674479
K02000001,United Kingdom,overview,14/08/2021,6241011,131760,47302445,655809
K02000001,United Kingdom,overview,13/08/2021,6211868,131664,47255842,824414
K02000001,United Kingdom,overview,12/08/2021,6179506,131557,47215352,813378
K02000001,United Kingdom,overview,11/08/2021,6146800,131450,47170968,842591
K02000001,United Kingdom,overview,10/08/2021,6117540,131362,47129400,748898
K02000001,United Kingdom,overview,09/08/2021,6094243,131281,47091889,725764
K02000001,United Kingdom,overview,08/08/2021,6069362,131200,47059639,689374
K02000001,United Kingdom,overview,07/08/2021,6042252,131120,47036796,661538
K02000001,United Kingdom,overview,06/08/2021,6014023,131025,46998806,792407
K02000001,United Kingdom,overview,05/08/2021,5982581,130931,46961830,825501
K02000001,United Kingdom,overview,04/08/2021,5952756,130828,46926330,845680
K02000001,United Kingdom,overview,03/08/2021,5923820,130748,46892996,720252
K02000001,United Kingdom,overview,02/08/2021,5902354,130674,46863706,724299
K02000001,United Kingdom,overview,01/08/2021,5880667,130593,46837614,670913
K02000001,United Kingdom,overview,31/07/2021,5856528,130498,46816382,676527
K02000001,United Kingdom,overview,30/07/2021,5830774,130408,46777556,838747
K02000001,United Kingdom,overview,29/07/2021,5801561,130302,46740832,863554
K02000001,United Kingdom,overview,28/07/2021,5770928,130221,46698479,911012
K02000001,United Kingdom,overview,27/07/2021,5745526,130133,46654632,797775
K02000001,United Kingdom,overview,26/07/2021,5722298,130061,46619230,810459
K02000001,United Kingdom,overview,25/07/2021,5697912,129985,46589211,791044
K02000001,United Kingdom,overview,24/07/2021,5669260,129913,46564660,757350
K02000001,United Kingdom,overview,23/07/2021,5637975,129839,46520855,909423
K02000001,United Kingdom,overview,22/07/2021,5602321,129755,46477881,1013261
K02000001,United Kingdom,overview,21/07/2021,5563006,129678,46433845,1038954
K02000001,United Kingdom,overview,20/07/2021,5519602,129623,46388744,885453
K02000001,United Kingdom,overview,19/07/2021,5473477,129565,46349709,1074493
K02000001,United Kingdom,overview,18/07/2021,5433939,129483,46314039,1041099
K02000001,United Kingdom,overview,17/07/2021,5386340,129414,46295853,784222
K02000001,United Kingdom,overview,16/07/2021,5332371,129362,46228636,975603
K02000001,United Kingdom,overview,15/07/2021,5281098,129310,46159145,1177716
K02000001,United Kingdom,overview,14/07/2021,5233207,129258,46097464,1210002
K02000001,United Kingdom,overview,13/07/2021,5191459,129215,46037090,932222
K02000001,United Kingdom,overview,12/07/2021,5155243,129165,45978017,1075460
K02000001,United Kingdom,overview,11/07/2021,5121245,129124,45923721,1124783
K02000001,United Kingdom,overview,10/07/2021,5089893,129090,45881721,742910
K02000001,United Kingdom,overview,09/07/2021,5058093,129048,45787958,901977
K02000001,United Kingdom,overview,08/07/2021,5022893,129000,45697875,1114234
K02000001,United Kingdom,overview,07/07/2021,4990916,128958,45601445,1237992
K02000001,United Kingdom,overview,06/07/2021,4958868,128929,45514492,968588
K02000001,United Kingdom,overview,05/07/2021,4930534,128897,45428681,1160738
K02000001,United Kingdom,overview,04/07/2021,4903434,128868,45351719,1276593
K02000001,United Kingdom,overview,03/07/2021,4879616,128839,45274497,659338
K02000001,United Kingdom,overview,02/07/2021,4855169,128810,45137108,876646
K02000001,United Kingdom,overview,01/07/2021,4828463,128782,45013503,1121678
K02000001,United Kingdom,overview,30/06/2021,4800907,128757,44860978,1251696
K02000001,United Kingdom,overview,29/06/2021,4775301,128735,44719762,881805
K02000001,United Kingdom,overview,28/06/2021,4755078,128711,44581771,1095973
K02000001,United Kingdom,overview,27/06/2021,4732434,128698,44454511,1216682
K02000001,United Kingdom,overview,26/06/2021,4717811,128676,44314799,622246
K02000001,United Kingdom,overview,25/06/2021,4699868,128659,44080358,850807
K02000001,United Kingdom,overview,24/06/2021,4684572,128637,43877861,1068088
K02000001,United Kingdom,overview,23/06/2021,4667870,128614,43656327,1150834
K02000001,United Kingdom,overview,22/06/2021,4651988,128606,43448680,821585
K02000001,United Kingdom,overview,21/06/2021,4640507,128593,43148843,1019739
K02000001,United Kingdom,overview,20/06/2021,4630040,128577,43127763,1149112
K02000001,United Kingdom,overview,19/06/2021,4620968,128552,42964013,591871
K02000001,United Kingdom,overview,18/06/2021,4610893,128529,42683772,791219
K02000001,United Kingdom,overview,17/06/2021,4600623,128517,42460632,1034685
K02000001,United Kingdom,overview,16/06/2021,4589814,128511,42216654,1101741
K02000001,United Kingdom,overview,15/06/2021,4581006,128498,42021089,777277
K02000001,United Kingdom,overview,14/06/2021,4573419,128477,41831056,930123
K02000001,United Kingdom,overview,13/06/2021,4565813,128467,41698429,1052222
K02000001,United Kingdom,overview,12/06/2021,4558494,128457,41551201,533809
K02000001,United Kingdom,overview,11/06/2021,4550944,128443,41297016,736654
K02000001,United Kingdom,overview,10/06/2021,4542986,128437,41088485,945090
K02000001,United Kingdom,overview,09/06/2021,4535754,128426,40886878,1085999
K02000001,United Kingdom,overview,08/06/2021,4528442,128417,40710319,727274
K02000001,United Kingdom,overview,07/06/2021,4522476,128407,40573517,928425
K02000001,United Kingdom,overview,06/06/2021,4516892,128401,40460576,1242068
K02000001,United Kingdom,overview,05/06/2021,4511669,128393,40333231,488842
K02000001,United Kingdom,overview,04/06/2021,4506018,128386,40129618,670715
K02000001,United Kingdom,overview,03/06/2021,4499878,128373,39949694,806272
K02000001,United Kingdom,overview,02/06/2021,4494699,128361,39758428,854697
K02000001,United Kingdom,overview,01/06/2021,4490438,128348,39585665,664849
K02000001,United Kingdom,overview,31/05/2021,4487339,128344,39477158,602019
K02000001,United Kingdom,overview,30/05/2021,4484056,128336,39384055,625777
K02000001,United Kingdom,overview,29/05/2021,4480945,128327,39259168,488274
K02000001,United Kingdom,overview,28/05/2021,4477705,128318,39075642,679217
K02000001,United Kingdom,overview,27/05/2021,4473677,128310,38871200,959007
K02000001,United Kingdom,overview,26/05/2021,4470297,128301,38614683,1132061
K02000001,United Kingdom,overview,25/05/2021,4467310,128288,38378564,741912
K02000001,United Kingdom,overview,24/05/2021,4464900,128281,38192417,946830
K02000001,United Kingdom,overview,23/05/2021,4462538,128272,38070038,1165801
K02000001,United Kingdom,overview,22/05/2021,4460446,128263,37943681,499089
K02000001,United Kingdom,overview,21/05/2021,4457923,128258,37738271,715414
K02000001,United Kingdom,overview,20/05/2021,4455221,128248,37518614,982099
K02000001,United Kingdom,overview,19/05/2021,4452527,128242,37250363,1180660
K02000001,United Kingdom,overview,18/05/2021,4450392,128237,36985505,732012
K02000001,United Kingdom,overview,17/05/2021,4452756,128231,36811405,967126
K02000001,United Kingdom,overview,16/05/2021,4450777,128223,36704672,1086443
K02000001,United Kingdom,overview,15/05/2021,4448851,128215,36573354,460202
K02000001,United Kingdom,overview,14/05/2021,4446824,128207,36336023,674608
K02000001,United Kingdom,overview,13/05/2021,4444631,128201,36115955,982881
K02000001,United Kingdom,overview,12/05/2021,4441975,128194,35906671,1184941
K02000001,United Kingdom,overview,11/05/2021,4439691,128183,35722461,711104
K02000001,United Kingdom,overview,10/05/2021,4437217,128168,35587348,955467
K02000001,United Kingdom,overview,09/05/2021,4434860,128158,35472295,1322338
K02000001,United Kingdom,overview,08/05/2021,4433090,128149,35371669,490546
K02000001,United Kingdom,overview,07/05/2021,4431043,128140,35202642,708935
K02000001,United Kingdom,overview,06/05/2021,4428553,128128,35069641,1067566
K02000001,United Kingdom,overview,05/05/2021,4425940,128117,34934171,1214689
K02000001,United Kingdom,overview,04/05/2021,4423796,128104,34795074,860368
K02000001,United Kingdom,overview,03/05/2021,4421850,128094,34667904,1069724
K02000001,United Kingdom,overview,02/05/2021,4420201,128084,34595304,832918
K02000001,United Kingdom,overview,01/05/2021,4418530,128070,34505380,485640
K02000001,United Kingdom,overview,30/04/2021,4416623,128061,34362205,667686
K02000001,United Kingdom,overview,29/04/2021,4414242,128049,34216616,1072576
K02000001,United Kingdom,overview,28/04/2021,4411797,128033,34094048,1360719
K02000001,United Kingdom,overview,27/04/2021,4409631,128017,33959908,730262
K02000001,United Kingdom,overview,26/04/2021,4406946,128001,33843580,1034181
K02000001,United Kingdom,overview,25/04/2021,4404882,127987,33752885,1477709
K02000001,United Kingdom,overview,24/04/2021,4403170,127972,33673190,502663
K02000001,United Kingdom,overview,23/04/2021,4401109,127964,33524423,722997
K02000001,United Kingdom,overview,22/04/2021,4398431,127941,33388637,1111876
K02000001,United Kingdom,overview,21/04/2021,4395703,127924,33257651,1371393
K02000001,United Kingdom,overview,20/04/2021,4393307,127900,33139742,730210
K02000001,United Kingdom,overview,19/04/2021,4390783,127881,33032120,1041368
K02000001,United Kingdom,overview,18/04/2021,4387820,127863,32932448,1673788
K02000001,United Kingdom,overview,17/04/2021,4385938,127845,32849223,492826
K02000001,United Kingdom,overview,16/04/2021,4383732,127820,32709778,681887
K02000001,United Kingdom,overview,15/04/2021,4380976,127802,32574221,988311
K02000001,United Kingdom,overview,14/04/2021,4378305,127780,32444439,1162840
K02000001,United Kingdom,overview,13/04/2021,4375814,127763,32326604,679109
K02000001,United Kingdom,overview,12/04/2021,4373343,127742,32250481,874399
K02000001,United Kingdom,overview,11/04/2021,4369775,127713,32190576,1218037
K02000001,United Kingdom,overview,10/04/2021,4368045,127689,32121353,482153
K02000001,United Kingdom,overview,09/04/2021,4365461,127664,32010244,676307
K02000001,United Kingdom,overview,08/04/2021,4370321,127638,31903366,931579
K02000001,United Kingdom,overview,07/04/2021,4367291,127602,31807124,1034088
K02000001,United Kingdom,overview,06/04/2021,4364529,127574,31707594,631846
K02000001,United Kingdom,overview,05/04/2021,4362150,127546,31622367,741323
K02000001,United Kingdom,overview,04/04/2021,4359388,127528,31581623,813693
K02000001,United Kingdom,overview,03/04/2021,4357091,127501,31533568,405634
K02000001,United Kingdom,overview,02/04/2021,4353668,127470,31425682,555613
K02000001,United Kingdom,overview,01/04/2021,4350266,127439,31318262,953206
K02000001,United Kingdom,overview,31/03/2021,4345788,127407,31147444,1266685
K02000001,United Kingdom,overview,30/03/2021,4341736,127368,30908010,695477
K02000001,United Kingdom,overview,29/03/2021,4337696,127325,30682093,972317
K02000001,United Kingdom,overview,28/03/2021,4333042,127289,30445284,1641942
K02000001,United Kingdom,overview,27/03/2021,4329180,127255,30151736,471328
K02000001,United Kingdom,overview,26/03/2021,4325315,127216,29727435,722814
K02000001,United Kingdom,overview,25/03/2021,4319128,127168,29316130,1275285
K02000001,United Kingdom,overview,24/03/2021,4312908,127122,28991188,1813842
K02000001,United Kingdom,overview,23/03/2021,4307304,127081,28653523,839954
K02000001,United Kingdom,overview,22/03/2021,4301925,127029,28327873,1191048
K02000001,United Kingdom,overview,21/03/2021,4296583,126962,27997976,1893830
K02000001,United Kingdom,overview,20/03/2021,4291271,126881,27630970,473050
K02000001,United Kingdom,overview,19/03/2021,4285684,126817,26878662,933234
K02000001,United Kingdom,overview,18/03/2021,4280882,126747,26263732,1437257
K02000001,United Kingdom,overview,17/03/2021,4274579,126689,25735472,1635141
K02000001,United Kingdom,overview,16/03/2021,4268821,126609,25273226,1319784
K02000001,United Kingdom,overview,15/03/2021,4263527,126526,24839906,1573774
K02000001,United Kingdom,overview,14/03/2021,4258438,126431,24453221,965127
K02000001,United Kingdom,overview,13/03/2021,4253820,126333,24196211,437958
K02000001,United Kingdom,overview,12/03/2021,4248286,126226,23684103,1402203
K02000001,United Kingdom,overview,11/03/2021,4241677,126134,23314525,1614145
K02000001,United Kingdom,overview,10/03/2021,4234924,126010,23053716,1554080
K02000001,United Kingdom,overview,09/03/2021,4228998,125892,22809829,1374579
K02000001,United Kingdom,overview,08/03/2021,4223232,125755,22592528,1529525
K02000001,United Kingdom,overview,07/03/2021,4218520,125611,22377255,805744
K02000001,United Kingdom,overview,06/03/2021,4213343,125478,22213112,452750
K02000001,United Kingdom,overview,05/03/2021,4207304,125326,21796278,953671
K02000001,United Kingdom,overview,04/03/2021,4201358,125157,21358815,992812
K02000001,United Kingdom,overview,03/03/2021,4194785,125003,20982571,863658
K02000001,United Kingdom,overview,02/03/2021,4188400,124856,20703615,675543
K02000001,United Kingdom,overview,01/03/2021,4182009,124672,20478619,727972
K02000001,United Kingdom,overview,28/02/2021,4176554,124448,20275451,526679
K02000001,United Kingdom,overview,27/02/2021,4170519,124236,20089551,383946
K02000001,United Kingdom,overview,26/02/2021,4163085,124006,19682048,604745
K02000001,United Kingdom,overview,25/02/2021,4154562,123778,19177555,731410
K02000001,United Kingdom,overview,24/02/2021,4144577,123518,18691835,740717
K02000001,United Kingdom,overview,23/02/2021,4134639,123243,18242873,594629
K02000001,United Kingdom,overview,22/02/2021,4126150,122954,17916181,670560
K02000001,United Kingdom,overview,21/02/2021,4115509,122672,17723840,590591
K02000001,United Kingdom,overview,20/02/2021,4105675,122346,17582121,408118
K02000001,United Kingdom,overview,19/02/2021,4095269,121993,17247442,521230
K02000001,United Kingdom,overview,18/02/2021,4083242,121611,16875536,560400
K02000001,United Kingdom,overview,17/02/2021,4071185,121193,16423082,578844
K02000001,United Kingdom,overview,16/02/2021,4058468,120762,15940972,488578
K02000001,United Kingdom,overview,15/02/2021,4047843,120315,15576107,457144
K02000001,United Kingdom,overview,14/02/2021,4038078,119797,15300151,401786
K02000001,United Kingdom,overview,13/02/2021,4027106,119301,15062189,403600
K02000001,United Kingdom,overview,12/02/2021,4013799,118810,14556827,626243
K02000001,United Kingdom,overview,11/02/2021,3998655,118276,14012224,730223
K02000001,United Kingdom,overview,10/02/2021,3985161,117700,13509108,763311
K02000001,United Kingdom,overview,09/02/2021,3972148,117091,13058298,579266
K02000001,United Kingdom,overview,08/02/2021,3959784,116480,12646486,616718
K02000001,United Kingdom,overview,07/02/2021,3945680,115800,12294006,584933
K02000001,United Kingdom,overview,06/02/2021,3929835,115163,12015018,454008
K02000001,United Kingdom,overview,05/02/2021,3911573,114461,11465210,671585
K02000001,United Kingdom,overview,04/02/2021,3892459,113708,10971047,783851
K02000001,United Kingdom,overview,03/02/2021,3871825,112989,10490487,801949
K02000001,United Kingdom,overview,02/02/2021,3852623,112130,10021471,606382
K02000001,United Kingdom,overview,01/02/2021,3835783,111278,9646715,643204
K02000001,United Kingdom,overview,31/01/2021,3817176,110382,9296367,574012
K02000001,United Kingdom,overview,30/01/2021,3796088,109487,8977329,439006
K02000001,United Kingdom,overview,29/01/2021,3772813,108573,8378940,662675
K02000001,United Kingdom,overview,28/01/2021,3743734,107504,7891184,753031
K02000001,United Kingdom,overview,27/01/2021,3715054,106394,7476765,771710
K02000001,United Kingdom,overview,26/01/2021,3689746,105279,7164387,596845
K02000001,United Kingdom,overview,25/01/2021,3669658,104213,6853327,542893
K02000001,United Kingdom,overview,24/01/2021,3647463,103044,6573570,412204
K02000001,United Kingdom,overview,23/01/2021,3617459,101885,6353321,484485
K02000001,United Kingdom,overview,22/01/2021,3583907,100714,5861351,629416
K02000001,United Kingdom,overview,21/01/2021,3543646,99469,5383103,665330
K02000001,United Kingdom,overview,20/01/2021,3505754,98232,4973248,640856
K02000001,United Kingdom,overview,19/01/2021,3466849,96932,4609740,579194
K02000001,United Kingdom,overview,18/01/2021,3433494,95568,4266577,556689
K02000001,United Kingdom,overview,17/01/2021,3395959,94270,4062501,417329
K02000001,United Kingdom,overview,16/01/2021,3357361,93000,3872394,491137
K02000001,United Kingdom,overview,15/01/2021,3316019,91690,3576263,596727
K02000001,United Kingdom,overview,14/01/2021,3260258,90463,3234946,695148
K02000001,United Kingdom,overview,13/01/2021,3211576,89232,2918252,628556
K02000001,United Kingdom,overview,12/01/2021,3164051,88013,2639309,584760
K02000001,United Kingdom,overview,11/01/2021,3118518,86800,2431648,536947
K02000001,United Kingdom,overview,10/01/2021,3072349,85669,2286572,485874
K02000001,United Kingdom,overview,09/01/2021,3017409,84570,,567302
K02000001,United Kingdom,overview,08/01/2021,2957472,83547,,680215
K02000001,United Kingdom,overview,07/01/2021,2889419,82560,,619941
K02000001,United Kingdom,overview,06/01/2021,2836801,81564,,557441
K02000001,United Kingdom,overview,05/01/2021,2774479,80628,,498624
K02000001,United Kingdom,overview,04/01/2021,2713563,79719,,464611
K02000001,United Kingdom,overview,03/01/2021,2654779,78874,,428770
K02000001,United Kingdom,overview,02/01/2021,2599789,78114,,411523
K02000001,United Kingdom,overview,01/01/2021,2542065,77352,,422804
K02000001,United Kingdom,overview,31/12/2020,2488780,76602,,482473
K02000001,United Kingdom,overview,30/12/2020,2432888,75844,,420492
K02000001,United Kingdom,overview,29/12/2020,2382865,75122,,344775
K02000001,United Kingdom,overview,28/12/2020,2329730,74462,,357238
K02000001,United Kingdom,overview,27/12/2020,2288345,73783,,352702
K02000001,United Kingdom,overview,26/12/2020,2257844,73125,,269876
K02000001,United Kingdom,overview,25/12/2020,2222153,72468,,339024
K02000001,United Kingdom,overview,24/12/2020,2189428,71853,,463123
K02000001,United Kingdom,overview,23/12/2020,2149551,71269,,509507
K02000001,United Kingdom,overview,22/12/2020,2110314,70703,,453903
K02000001,United Kingdom,overview,21/12/2020,2073511,70139,,423675
K02000001,United Kingdom,overview,20/12/2020,2040147,69563,,433470
K02000001,United Kingdom,overview,19/12/2020,2004219,69058,,440584
K02000001,United Kingdom,overview,18/12/2020,1977167,68568,,390130
K02000001,United Kingdom,overview,17/12/2020,1948660,68053,,375185
K02000001,United Kingdom,overview,16/12/2020,1913277,67515,,364388
K02000001,United Kingdom,overview,15/12/2020,1888116,67083,,304360
K02000001,United Kingdom,overview,14/12/2020,1869666,66622,,275772
K02000001,United Kingdom,overview,13/12/2020,1849403,66142,,312273
K02000001,United Kingdom,overview,12/12/2020,1830956,65723,,358491
K02000001,United Kingdom,overview,11/12/2020,1809455,65285,,391531
K02000001,United Kingdom,overview,10/12/2020,1787783,64831,,400646
K02000001,United Kingdom,overview,09/12/2020,1766819,64382,,369586
K02000001,United Kingdom,overview,08/12/2020,1750241,63950,,294966
K02000001,United Kingdom,overview,07/12/2020,1737960,63514,,215981
K02000001,United Kingdom,overview,06/12/2020,1723242,63089,,272787
K02000001,United Kingdom,overview,05/12/2020,1705971,62668,,354799
K02000001,United Kingdom,overview,04/12/2020,1690432,62273,,380886
K02000001,United Kingdom,overview,03/12/2020,1674134,61797,,389476
K02000001,United Kingdom,overview,02/12/2020,1659256,61322,,352990
K02000001,United Kingdom,overview,01/12/2020,1643086,60935,,312003
K02000001,United Kingdom,overview,30/11/2020,1629657,60536,,214835
K02000001,United Kingdom,overview,29/11/2020,1617327,60113,,219899
K02000001,United Kingdom,overview,28/11/2020,1605172,59647,,311126
K02000001,United Kingdom,overview,27/11/2020,1589301,59176,,333917
K02000001,United Kingdom,overview,26/11/2020,1574562,58750,,383521
K02000001,United Kingdom,overview,25/11/2020,1557007,58317,,356026
K02000001,United Kingdom,overview,24/11/2020,1538794,57829,,311763
K02000001,United Kingdom,overview,23/11/2020,1527495,57365,,212533
K02000001,United Kingdom,overview,22/11/2020,1512045,56901,,279041
K02000001,United Kingdom,overview,21/11/2020,1493383,56424,,369040
K02000001,United Kingdom,overview,20/11/2020,1473508,55957,,391667
K02000001,United Kingdom,overview,19/11/2020,1453256,55503,,395436
K02000001,United Kingdom,overview,18/11/2020,1430341,55040,,364490
K02000001,United Kingdom,overview,17/11/2020,1410732,54551,,283358
K02000001,United Kingdom,overview,16/11/2020,1390681,54107,,234189
K02000001,United Kingdom,overview,15/11/2020,1369318,53684,,283866
K02000001,United Kingdom,overview,14/11/2020,1344356,53228,,343784
K02000001,United Kingdom,overview,13/11/2020,1317496,52793,,382110
K02000001,United Kingdom,overview,12/11/2020,1290195,52356,,379955
K02000001,United Kingdom,overview,11/11/2020,1256725,51934,,377608
K02000001,United Kingdom,overview,10/11/2020,1233775,51544,,304843
K02000001,United Kingdom,overview,09/11/2020,1213363,51153,,243245
K02000001,United Kingdom,overview,08/11/2020,1192013,50667,,283397
K02000001,United Kingdom,overview,07/11/2020,1171441,50252,,329430
K02000001,United Kingdom,overview,06/11/2020,1146484,49858,,355032
K02000001,United Kingdom,overview,05/11/2020,1123197,49456,,344159
K02000001,United Kingdom,overview,04/11/2020,1099059,49076,,301288
K02000001,United Kingdom,overview,03/11/2020,1073882,48747,,265136
K02000001,United Kingdom,overview,02/11/2020,1053864,48385,,207831
K02000001,United Kingdom,overview,01/11/2020,1034914,48046,,270473
K02000001,United Kingdom,overview,31/10/2020,1011660,47686,,292573
K02000001,United Kingdom,overview,30/10/2020,989745,47361,,305207
K02000001,United Kingdom,overview,29/10/2020,965340,47021,,347632
K02000001,United Kingdom,overview,28/10/2020,942275,46707,,308810
K02000001,United Kingdom,overview,27/10/2020,917575,46420,,280997
K02000001,United Kingdom,overview,26/10/2020,894690,46152,,261861
K02000001,United Kingdom,overview,25/10/2020,873800,45871,,321114
K02000001,United Kingdom,overview,24/10/2020,854010,45619,,317896
K02000001,United Kingdom,overview,23/10/2020,830998,45406,,346682
K02000001,United Kingdom,overview,22/10/2020,810467,45182,,340137
K02000001,United Kingdom,overview,21/10/2020,789229,44946,,310331
K02000001,United Kingdom,overview,20/10/2020,762542,44725,,279996
K02000001,United Kingdom,overview,19/10/2020,741212,44525,,260338
K02000001,United Kingdom,overview,18/10/2020,722409,44333,,306893
K02000001,United Kingdom,overview,17/10/2020,705428,44172,,308416
K02000001,United Kingdom,overview,16/10/2020,689257,43993,,312178
K02000001,United Kingdom,overview,15/10/2020,673622,43843,,304315
K02000001,United Kingdom,overview,14/10/2020,654644,43692,,295690
K02000001,United Kingdom,overview,13/10/2020,634920,43575,,264713
K02000001,United Kingdom,overview,12/10/2020,617688,43464,,219074
K02000001,United Kingdom,overview,11/10/2020,603716,43351,,258955
K02000001,United Kingdom,overview,10/10/2020,590844,43226,,279606
K02000001,United Kingdom,overview,09/10/2020,575679,43122,,296559
K02000001,United Kingdom,overview,08/10/2020,561815,43042,,285015
K02000001,United Kingdom,overview,07/10/2020,544275,42947,,254579
K02000001,United Kingdom,overview,06/10/2020,530113,42845,,261336
K02000001,United Kingdom,overview,05/10/2020,515571,42774,,273100
K02000001,United Kingdom,overview,04/10/2020,502978,42702,,250348
K02000001,United Kingdom,overview,03/10/2020,480017,42642,,286802
K02000001,United Kingdom,overview,02/10/2020,467146,42575,,269820
K02000001,United Kingdom,overview,01/10/2020,460178,42505,,264979
K02000001,United Kingdom,overview,30/09/2020,453264,42438,,255915
K02000001,United Kingdom,overview,29/09/2020,446156,42381,,232212
K02000001,United Kingdom,overview,28/09/2020,439013,42333,,227038
K02000001,United Kingdom,overview,27/09/2020,434969,42279,,263526
K02000001,United Kingdom,overview,26/09/2020,429277,42230,,255488
K02000001,United Kingdom,overview,25/09/2020,423236,42191,,288701
K02000001,United Kingdom,overview,24/09/2020,416363,42158,,262109
K02000001,United Kingdom,overview,23/09/2020,409729,42123,,259221
K02000001,United Kingdom,overview,22/09/2020,403551,42065,,234815
K02000001,United Kingdom,overview,21/09/2020,398625,42025,,206782
K02000001,United Kingdom,overview,20/09/2020,394257,41998,,234786
K02000001,United Kingdom,overview,19/09/2020,390358,41966,,250954
K02000001,United Kingdom,overview,18/09/2020,385936,41946,,266308
K02000001,United Kingdom,overview,17/09/2020,381614,41922,,240202
K02000001,United Kingdom,overview,16/09/2020,378219,41894,,242273
K02000001,United Kingdom,overview,15/09/2020,374228,41867,,236827
K02000001,United Kingdom,overview,14/09/2020,371125,41849,,216526
K02000001,United Kingdom,overview,13/09/2020,368504,41828,,225380
K02000001,United Kingdom,overview,12/09/2020,365174,41811,,228748
K02000001,United Kingdom,overview,11/09/2020,361677,41793,,241650
K02000001,United Kingdom,overview,10/09/2020,358138,41780,,233125
K02000001,United Kingdom,overview,09/09/2020,355219,41767,,220626
K02000001,United Kingdom,overview,08/09/2020,352560,41757,,202809
K02000001,United Kingdom,overview,07/09/2020,350100,41747,,201965
K02000001,United Kingdom,overview,06/09/2020,347152,41732,,192892
K02000001,United Kingdom,overview,05/09/2020,344164,41723,,189054
K02000001,United Kingdom,overview,04/09/2020,342351,41710,,202893
K02000001,United Kingdom,overview,03/09/2020,340411,41701,,198603
K02000001,United Kingdom,overview,02/09/2020,338676,41691,,196734
K02000001,United Kingdom,overview,01/09/2020,337168,41681,,171339
K02000001,United Kingdom,overview,31/08/2020,335873,41676,,180368
K02000001,United Kingdom,overview,30/08/2020,334467,41666,,181038
K02000001,United Kingdom,overview,29/08/2020,332752,41660,,180033
K02000001,United Kingdom,overview,28/08/2020,331644,41655,,188974
K02000001,United Kingdom,overview,27/08/2020,330368,41644,,194522
K02000001,United Kingdom,overview,26/08/2020,328846,41635,,206143
K02000001,United Kingdom,overview,25/08/2020,327798,41624,,179602
K02000001,United Kingdom,overview,24/08/2020,326614,41612,,147940
K02000001,United Kingdom,overview,23/08/2020,325761,41606,,165455
K02000001,United Kingdom,overview,22/08/2020,324601,41590,,177279
K02000001,United Kingdom,overview,21/08/2020,323313,41581,,181878
K02000001,United Kingdom,overview,20/08/2020,322280,41574,,174250
K02000001,United Kingdom,overview,19/08/2020,321098,41566,,181358
K02000001,United Kingdom,overview,18/08/2020,320286,41562,,157194
K02000001,United Kingdom,overview,17/08/2020,319197,41553,,146264
K02000001,United Kingdom,overview,16/08/2020,318484,41541,,168144
K02000001,United Kingdom,overview,15/08/2020,317444,41537,,180197
K02000001,United Kingdom,overview,14/08/2020,316367,41525,,170441
K02000001,United Kingdom,overview,13/08/2020,314927,41518,,163470
K02000001,United Kingdom,overview,12/08/2020,313798,41509,,176489
K02000001,United Kingdom,overview,11/08/2020,312789,41502,,157558
K02000001,United Kingdom,overview,10/08/2020,311641,41492,,152498
K02000001,United Kingdom,overview,09/08/2020,310825,41479,,162990
K02000001,United Kingdom,overview,08/08/2020,309763,41470,,160651
K02000001,United Kingdom,overview,07/08/2020,309005,41456,,173213
K02000001,United Kingdom,overview,06/08/2020,308134,41443,,174833
K02000001,United Kingdom,overview,05/08/2020,307184,41434,,161111
K02000001,United Kingdom,overview,04/08/2020,306293,41428,,150265
K02000001,United Kingdom,overview,03/08/2020,305623,41414,,144999
K02000001,United Kingdom,overview,02/08/2020,304685,41398,,145568
K02000001,United Kingdom,overview,01/08/2020,303942,41388,,146011
K02000001,United Kingdom,overview,31/07/2020,303181,41377,,164748
K02000001,United Kingdom,overview,30/07/2020,302301,41363,,170027
K02000001,United Kingdom,overview,29/07/2020,301455,41353,,157439
K02000001,United Kingdom,overview,28/07/2020,300692,41341,,147818
K02000001,United Kingdom,overview,27/07/2020,300111,41329,,89565
K02000001,United Kingdom,overview,26/07/2020,299426,41317,,111801
K02000001,United Kingdom,overview,25/07/2020,298681,41300,,139062
K02000001,United Kingdom,overview,24/07/2020,297914,41283,,147292
K02000001,United Kingdom,overview,23/07/2020,297146,41276,,141117
K02000001,United Kingdom,overview,22/07/2020,296377,41260,,137234
K02000001,United Kingdom,overview,21/07/2020,295817,41242,,132626
K02000001,United Kingdom,overview,20/07/2020,295372,41222,,92518
K02000001,United Kingdom,overview,19/07/2020,294792,41210,,114222
K02000001,United Kingdom,overview,18/07/2020,294066,41196,,135779
K02000001,United Kingdom,overview,17/07/2020,293239,41182,,164440
K02000001,United Kingdom,overview,16/07/2020,292552,41164,,150975
K02000001,United Kingdom,overview,15/07/2020,291911,41151,,137828
K02000001,United Kingdom,overview,14/07/2020,291373,41131,,118186
K02000001,United Kingdom,overview,13/07/2020,290133,41110,,85880
K02000001,United Kingdom,overview,12/07/2020,289603,41085,,94700
K02000001,United Kingdom,overview,11/07/2020,288953,41071,,126549
K02000001,United Kingdom,overview,10/07/2020,288133,41050,,134030
K02000001,United Kingdom,overview,09/07/2020,287621,41028,,137861
K02000001,United Kingdom,overview,08/07/2020,286979,40991,,127389
K02000001,United Kingdom,overview,07/07/2020,286349,40967,,106977
K02000001,United Kingdom,overview,06/07/2020,285768,40940,,77469
K02000001,United Kingdom,overview,05/07/2020,285416,40904,,92774
K02000001,United Kingdom,overview,04/07/2020,284900,40877,,114274
K02000001,United Kingdom,overview,03/07/2020,284276,40844,,139218
K02000001,United Kingdom,overview,02/07/2020,283757,40815,,136186
K02000001,United Kingdom,overview,01/07/2020,313483,40772,,123348
K02000001,United Kingdom,overview,30/06/2020,312654,40746,,112164
K02000001,United Kingdom,overview,29/06/2020,311965,40699,,75662
K02000001,United Kingdom,overview,28/06/2020,311151,40660,,83157
K02000001,United Kingdom,overview,27/06/2020,310250,40615,,100631
K02000001,United Kingdom,overview,26/06/2020,309360,40566,,105971
K02000001,United Kingdom,overview,25/06/2020,307980,40525,,108124
K02000001,United Kingdom,overview,24/06/2020,306862,40457,,91135
K02000001,United Kingdom,overview,23/06/2020,306210,40383,,73646
K02000001,United Kingdom,overview,22/06/2020,305289,40318,,63026
K02000001,United Kingdom,overview,21/06/2020,304331,40254,,60484
K02000001,United Kingdom,overview,20/06/2020,303110,40200,,83467
K02000001,United Kingdom,overview,19/06/2020,301815,40140,,90547
K02000001,United Kingdom,overview,18/06/2020,300469,40088,,89613
K02000001,United Kingdom,overview,17/06/2020,299251,40027,,86438
K02000001,United Kingdom,overview,16/06/2020,298136,39968,,80862
K02000001,United Kingdom,overview,15/06/2020,296857,39884,,71402
K02000001,United Kingdom,overview,14/06/2020,295889,39812,,69529
K02000001,United Kingdom,overview,13/06/2020,294375,39726,,98974
K02000001,United Kingdom,overview,12/06/2020,292950,39663,,98899
K02000001,United Kingdom,overview,11/06/2020,291409,39583,,101778
K02000001,United Kingdom,overview,10/06/2020,290143,39503,,101033
K02000001,United Kingdom,overview,09/06/2020,289140,39394,,93959
K02000001,United Kingdom,overview,08/06/2020,287399,39304,,69999
K02000001,United Kingdom,overview,07/06/2020,286194,39179,,86926
K02000001,United Kingdom,overview,06/06/2020,284868,39051,,93154
K02000001,United Kingdom,overview,05/06/2020,283311,38941,,101961
K02000001,United Kingdom,overview,04/06/2020,281661,38818,,99484
K02000001,United Kingdom,overview,03/06/2020,279856,38684,,101885
K02000001,United Kingdom,overview,02/06/2020,277985,38529,,92299
K02000001,United Kingdom,overview,01/06/2020,276332,38361,,70648
K02000001,United Kingdom,overview,31/05/2020,274762,38227,,82243
K02000001,United Kingdom,overview,30/05/2020,272826,38100,,96995
K02000001,United Kingdom,overview,29/05/2020,271222,37937,,105459
K02000001,United Kingdom,overview,28/05/2020,269127,37751,,101753
K02000001,United Kingdom,overview,27/05/2020,267240,37534,,82670
K02000001,United Kingdom,overview,26/05/2020,265227,37336,,77745
K02000001,United Kingdom,overview,25/05/2020,261184,37122,,78385
K02000001,United Kingdom,overview,24/05/2020,259559,36922,,59464
K02000001,United Kingdom,overview,23/05/2020,257154,36725,,91841
K02000001,United Kingdom,overview,22/05/2020,254195,36505,,91196
K02000001,United Kingdom,overview,21/05/2020,250908,36282,,105655
K02000001,United Kingdom,overview,20/05/2020,248293,36044,,86634
K02000001,United Kingdom,overview,19/05/2020,248818,35776,,86041
K02000001,United Kingdom,overview,18/05/2020,246406,35501,,70074
K02000001,United Kingdom,overview,17/05/2020,243723,35208,,81278
K02000001,United Kingdom,overview,16/05/2020,240161,34941,,91360
K02000001,United Kingdom,overview,15/05/2020,236711,34627,,91342
K02000001,United Kingdom,overview,14/05/2020,233151,34313,,84693
K02000001,United Kingdom,overview,13/05/2020,229705,33979,,83182
K02000001,United Kingdom,overview,12/05/2020,226463,33662,,74593
K02000001,United Kingdom,overview,11/05/2020,223060,33341,,70332
K02000001,United Kingdom,overview,10/05/2020,219183,33032,,76507
K02000001,United Kingdom,overview,09/05/2020,215260,32684,,77152
K02000001,United Kingdom,overview,08/05/2020,211364,32306,,76963
K02000001,United Kingdom,overview,07/05/2020,206715,31922,,77466
K02000001,United Kingdom,overview,06/05/2020,201101,31461,,74455
K02000001,United Kingdom,overview,05/05/2020,194990,31001,,66919
K02000001,United Kingdom,overview,04/05/2020,190584,30536,,72630
K02000001,United Kingdom,overview,03/05/2020,186599,30052,,68203
K02000001,United Kingdom,overview,02/05/2020,182260,29602,,63559
K02000001,United Kingdom,overview,01/05/2020,177454,29108,,74142
K02000001,United Kingdom,overview,30/04/2020,171253,28540,,83143
K02000001,United Kingdom,overview,29/04/2020,165221,27989,,65643
K02000001,United Kingdom,overview,28/04/2020,161145,27416,,45263
K02000001,United Kingdom,overview,27/04/2020,157149,26857,,31453
K02000001,United Kingdom,overview,26/04/2020,152840,26262,,31610
K02000001,United Kingdom,overview,25/04/2020,148377,25629,,29058
K02000001,United Kingdom,overview,24/04/2020,143464,24982,,28225
K02000001,United Kingdom,overview,23/04/2020,138078,24299,,28024
K02000001,United Kingdom,overview,22/04/2020,133495,23621,,23073
K02000001,United Kingdom,overview,21/04/2020,129044,22890,,22763
K02000001,United Kingdom,overview,20/04/2020,124743,22145,,
K02000001,United Kingdom,overview,19/04/2020,120067,21362,,
K02000001,United Kingdom,overview,18/04/2020,114217,20592,,
K02000001,United Kingdom,overview,17/04/2020,108692,19792,,
K02000001,United Kingdom,overview,16/04/2020,103093,18973,,
K02000001,United Kingdom,overview,15/04/2020,98476,18130,,
K02000001,United Kingdom,overview,14/04/2020,93873,17252,,
K02000001,United Kingdom,overview,13/04/2020,88621,16395,,
K02000001,United Kingdom,overview,12/04/2020,84279,15499,,
K02000001,United Kingdom,overview,11/04/2020,78991,14541,,
K02000001,United Kingdom,overview,10/04/2020,73758,13585,,
K02000001,United Kingdom,overview,09/04/2020,68052,12641,,
K02000001,United Kingdom,overview,08/04/2020,63377,11638,,
K02000001,United Kingdom,overview,07/04/2020,57512,10562,,
K02000001,United Kingdom,overview,06/04/2020,53624,9564,,
K02000001,United Kingdom,overview,05/04/2020,49481,8669,,
K02000001,United Kingdom,overview,04/04/2020,43282,7752,,
K02000001,United Kingdom,overview,03/04/2020,39282,6845,,
K02000001,United Kingdom,overview,02/04/2020,34610,6005,,
K02000001,United Kingdom,overview,01/04/2020,30088,5199,,
K02000001,United Kingdom,overview,31/03/2020,25521,4430,,
K02000001,United Kingdom,overview,30/03/2020,22271,3768,,
K02000001,United Kingdom,overview,29/03/2020,19606,3179,,
K02000001,United Kingdom,overview,28/03/2020,17104,2673,,
K02000001,United Kingdom,overview,27/03/2020,14548,2237,,
K02000001,United Kingdom,overview,26/03/2020,11658,1839,,
K02000001,United Kingdom,overview,25/03/2020,9529,1477,,
K02000001,United Kingdom,overview,24/03/2020,8077,1174,,
K02000001,United Kingdom,overview,23/03/2020,6650,937,,
K02000001,United Kingdom,overview,22/03/2020,5683,751,,
K02000001,United Kingdom,overview,21/03/2020,5018,587,,
K02000001,United Kingdom,overview,20/03/2020,3983,457,,
K02000001,United Kingdom,overview,19/03/2020,3269,348,,
K02000001,United Kingdom,overview,18/03/2020,2626,275,,
K02000001,United Kingdom,overview,17/03/2020,1950,207,,
K02000001,United Kingdom,overview,16/03/2020,1543,155,,
K02000001,United Kingdom,overview,15/03/2020,1391,108,,
K02000001,United Kingdom,overview,14/03/2020,1061,76,,
K02000001,United Kingdom,overview,13/03/2020,797,54,,
K02000001,United Kingdom,overview,12/03/2020,590,38,,
K02000001,United Kingdom,overview,11/03/2020,456,25,,
K02000001,United Kingdom,overview,10/03/2020,373,17,,
K02000001,United Kingdom,overview,09/03/2020,321,14,,
K02000001,United Kingdom,overview,08/03/2020,271,9,,
K02000001,United Kingdom,overview,07/03/2020,206,6,,
K02000001,United Kingdom,overview,06/03/2020,160,6,,
K02000001,United Kingdom,overview,05/03/2020,114,6,,
K02000001,United Kingdom,overview,04/03/2020,85,3,,
K02000001,United Kingdom,overview,03/03/2020,51,3,,
K02000001,United Kingdom,overview,02/03/2020,40,1,,
K02000001,United Kingdom,overview,01/03/2020,35,,,
K02000001,United Kingdom,overview,29/02/2020,23,,,
K02000001,United Kingdom,overview,28/02/2020,19,,,
K02000001,United Kingdom,overview,27/02/2020,13,,,
K02000001,United Kingdom,overview,26/02/2020,13,,,
K02000001,United Kingdom,overview,25/02/2020,13,,,
K02000001,United Kingdom,overview,24/02/2020,13,,,
K02000001,United Kingdom,overview,23/02/2020,9,,,
K02000001,United Kingdom,overview,22/02/2020,9,,,
K02000001,United Kingdom,overview,21/02/2020,9,,,
K02000001,United Kingdom,overview,20/02/2020,9,,,
K02000001,United Kingdom,overview,19/02/2020,9,,,
K02000001,United Kingdom,overview,18/02/2020,9,,,
K02000001,United Kingdom,overview,17/02/2020,9,,,
K02000001,United Kingdom,overview,16/02/2020,9,,,
K02000001,United Kingdom,overview,15/02/2020,9,,,
K02000001,United Kingdom,overview,14/02/2020,9,,,
K02000001,United Kingdom,overview,13/02/2020,9,,,
K02000001,United Kingdom,overview,12/02/2020,8,,,
K02000001,United Kingdom,overview,11/02/2020,8,,,
K02000001,United Kingdom,overview,10/02/2020,8,,,
K02000001,United Kingdom,overview,09/02/2020,4,,,
K02000001,United Kingdom,overview,08/02/2020,3,,,
K02000001,United Kingdom,overview,07/02/2020,3,,,
K02000001,United Kingdom,overview,06/02/2020,3,,,
K02000001,United Kingdom,overview,05/02/2020,2,,,
K02000001,United Kingdom,overview,04/02/2020,2,,,
K02000001,United Kingdom,overview,03/02/2020,2,,,
K02000001,United Kingdom,overview,02/02/2020,2,,,
K02000001,United Kingdom,overview,01/02/2020,2,,,
K02000001,United Kingdom,overview,31/01/2020,2,,,